,label,text
0,0,Does this tweet contain bragging? respond with '1' if yes or '0' if no. tweet: [girls are gonna rt this in hopes that their shitty boyfriends make changes for them ? ? ? #dumphim]
1,0,Does this tweet contain bragging? respond with '1' if yes or '0' if no. tweet: [I remember those days ?]
2,0,Does this tweet contain bragging? respond with '1' if yes or '0' if no. tweet: [ms . corona is just rude . i wo n't be able to listen to hallucinate by dua lipa in the club this summer without actually KILLING people and it 's all her fault]
3,0,Does this tweet contain bragging? respond with '1' if yes or '0' if no. tweet: [ok i 'm gonna go watch maleficent hype me up i 'll b back]
4,0,Does this tweet contain bragging? respond with '1' if yes or '0' if no. tweet: [THIS is the only good cop in this day and age .]
5,0,"Does this tweet contain bragging? respond with '1' if yes or '0' if no. tweet: [even a small clip like this , I can laugh out loud hahaha]"
6,0,Does this tweet contain bragging? respond with '1' if yes or '0' if no. tweet: [@USER @USER lmfaoooo ! i 'll never be a shirt off guy . #Humble]
7,0,Does this tweet contain bragging? respond with '1' if yes or '0' if no. tweet: [PSPC 's Translation Bureau - we do that ! :thumbs_up:]
8,0,Does this tweet contain bragging? respond with '1' if yes or '0' if no. tweet: [wait theyre gonna post mark and haechan oh my god]
9,0,Does this tweet contain bragging? respond with '1' if yes or '0' if no. tweet: [#TX02 Truth hurts . Crenshaw is harming his constituents . Vote for Sima ( @USER ) instead in this November 's election . #Houston #Kingwood #Humble]
10,1,"Does this tweet contain bragging? respond with '1' if yes or '0' if no. tweet: [requested “ ellen degeneres ” by lil b four ( 4 ) times . did not get played once ( 1 ) . im not going to say that the dj should sleep with one ( 1 ) eye open tonight , because im not that type of guy . but it would n't be a bad idea . #notathreat #justasuggestion #humble #thankyoubasedgod]"
11,0,Does this tweet contain bragging? respond with '1' if yes or '0' if no. tweet: [Sister : I really want to taste the lice spray ! \ n \ nShe 's really going to end up being a copy of me when she 's older -]
12,0,Does this tweet contain bragging? respond with '1' if yes or '0' if no. tweet: [@USER @USER @USER @USER Kalikesh ji very frankly speaking this man is totally theetless and only give speech . I am just surprised they are not doing nothing.We as a state not even try to use our capacity.when we become advance state.when our state will research about tackle this types of things .]
13,0,"Does this tweet contain bragging? respond with '1' if yes or '0' if no. tweet: [You 're my favorite person in the world Jilly ;) , can't wait for our adventures this summa :red_heart: :red_heart: love you endlessly #futuregodmother]"
14,0,Does this tweet contain bragging? respond with '1' if yes or '0' if no. tweet: [I miss you :red_heart:]
15,0,"Does this tweet contain bragging? respond with '1' if yes or '0' if no. tweet: [It 's not a dead formation , it just requires a competent coach and players ( as with any system ) .]"
16,0,"Does this tweet contain bragging? respond with '1' if yes or '0' if no. tweet: [@USER same here , , , i just can remember the comercials on the tv lol]"
17,0,"Does this tweet contain bragging? respond with '1' if yes or '0' if no. tweet: [been modernised , many still lack air conditioning and cooling units . Make]"
18,0,Does this tweet contain bragging? respond with '1' if yes or '0' if no. tweet: [@USER @USER @USER @USER @USER @USER @USER @USER @USER @USER @USER @USER @USER @USER @USER @USER @USER @USER @USER @USER @USER @USER @USER @USER @USER @USER @USER @USER @USER @USER @USER @USER @USER @USER @USER @USER @USER @USER @USER @USER @USER @USER @USER @USER @USER @USER @USER @USER @USER I just went to my fridge and saw I was out and its a 50/50 if I wanna leave now and get some ha]
19,0,"Does this tweet contain bragging? respond with '1' if yes or '0' if no. tweet: [@USER Depends really . I do n't really limit my taste to particular genres , I just listen to what I think sounds good]"
20,0,Does this tweet contain bragging? respond with '1' if yes or '0' if no. tweet: [I took a huge snooze and it was the best part of my weekend so far .]
21,0,Does this tweet contain bragging? respond with '1' if yes or '0' if no. tweet: [mood]
22,0,Does this tweet contain bragging? respond with '1' if yes or '0' if no. tweet: [I read your first line and your last line popped into my head before I read it . :smiling_face_with_heart-eyes: :hugging_face: It 's been a long time coming .]
23,0,Does this tweet contain bragging? respond with '1' if yes or '0' if no. tweet: [That solar eclipse got me gassy af ?]
24,0,"Does this tweet contain bragging? respond with '1' if yes or '0' if no. tweet: [@USER @USER I 'd build orphanage campus style schools . Hire the best counselors , teachers and give abandoned , abused , neglected children an opportunity to have a brighter future .]"
25,0,Does this tweet contain bragging? respond with '1' if yes or '0' if no. tweet: [@USER Yeah I use to go all the time . I just do n't wanna go by myself]
26,0,Does this tweet contain bragging? respond with '1' if yes or '0' if no. tweet: [Waaa steady @USER]
27,0,Does this tweet contain bragging? respond with '1' if yes or '0' if no. tweet: [My stats in 2 games 17 tackles & 1 interception #HUMBLE]
28,0,Does this tweet contain bragging? respond with '1' if yes or '0' if no. tweet: [Why 'd you only ever phone me when you 're high ?]
29,0,Does this tweet contain bragging? respond with '1' if yes or '0' if no. tweet: [nice nice \ nbut when is chapter 2 coming out with the facility depths \ ni need more game entertainment !]
30,0,Does this tweet contain bragging? respond with '1' if yes or '0' if no. tweet: [@USER #humble]
31,0,Does this tweet contain bragging? respond with '1' if yes or '0' if no. tweet: [meownnaise]
32,0,"Does this tweet contain bragging? respond with '1' if yes or '0' if no. tweet: [Keep me #humble, Lord . Keep me humble , Lord . . . Like Achilles , hubris #pride is my fatal flaw too . Anytime I feel like I 'm getting too #arrogant , I say that little mantra up there . Life aint about me ; it 's never about yourself . Life 's about your focus on others , God 's Church .]"
33,0,Does this tweet contain bragging? respond with '1' if yes or '0' if no. tweet: [I can't breathe ? ? ?]
34,0,"Does this tweet contain bragging? respond with '1' if yes or '0' if no. tweet: [@USER I 'm so happy that Cuphead is coming to switch ! ! ! However your release date would be much nicer a week earlier ! I have a 8 hour train Journey on the 11/04 which could have been put to good use #SadTimes Anyhow , I look forward to rebuying and replaying the game ! :D]"
35,0,"Does this tweet contain bragging? respond with '1' if yes or '0' if no. tweet: [@USER but mostly i just mean like how both wizards sells the game and the pro tour , and how i feel im encouraged to interact with it]"
36,0,Does this tweet contain bragging? respond with '1' if yes or '0' if no. tweet: [anyway ... LET'S GO RIBKA / ANA ! ! !]
37,0,Does this tweet contain bragging? respond with '1' if yes or '0' if no. tweet: [Never Stop Learning ! ! Be #Humble Be a #student Be a #teacher Just keep reminding yourself that you #human You do n't know it All]
38,0,"Does this tweet contain bragging? respond with '1' if yes or '0' if no. tweet: [@USER I 've received some decent hate from a few because of the content in one of my short stories on my blog . Albeit , the story is very dark , but there is a disclaimer before each part warning people of the sensitive topics within . My conclusion ? Some people just want to start a fight]"
39,1,"Does this tweet contain bragging? respond with '1' if yes or '0' if no. tweet: [@USER Yes sir ! It 's an "" Are n't I impressive ? "" post . It 's also a response to everyone who says they have n't watched any of those things . I 'm so great I 've watched all of them . #humblebrag :rolling_on_the_floor_laughing: :rolling_on_the_floor_laughing: :rolling_on_the_floor_laughing:]"
40,0,Does this tweet contain bragging? respond with '1' if yes or '0' if no. tweet: [@USER @USER ... I just wish there was a way to show them what it means to me ... what they mean to me . @USER]
41,0,Does this tweet contain bragging? respond with '1' if yes or '0' if no. tweet: [We all should learn some form of coding tbh . It will behoove you in the future when a bunch of jobs turn to automation .]
42,0,"Does this tweet contain bragging? respond with '1' if yes or '0' if no. tweet: [I love this hashtag , just saying . #NotDying4WallStreet]"
43,0,Does this tweet contain bragging? respond with '1' if yes or '0' if no. tweet: [I 've never felt more attacked than this]
44,0,Does this tweet contain bragging? respond with '1' if yes or '0' if no. tweet: [This was such and awesome experience ! Thanks @USER and Andrew Lang :double_exclamation_mark: Wha tremendous message and our guys had a blast !]
45,1,Does this tweet contain bragging? respond with '1' if yes or '0' if no. tweet: [@USER ok #brag]
46,0,Does this tweet contain bragging? respond with '1' if yes or '0' if no. tweet: [@USER paid for my new bottle of vodka & I Love Her with all my heart :red_heart:]
47,0,Does this tweet contain bragging? respond with '1' if yes or '0' if no. tweet: [Look at that ! @USER is on Bloomberg ! Does this count as a #humblebrag since it 's a video I edited ? :beaming_face_with_smiling_eyes: #editing #duomedia #caredx #organtransplant #bloomberg #curastrategies @USER]
48,1,Does this tweet contain bragging? respond with '1' if yes or '0' if no. tweet: [Ooof . Just missed another multi-millionaire by a hair 's breadth]
49,0,Does this tweet contain bragging? respond with '1' if yes or '0' if no. tweet: [@USER I miss you puddin pop . You was on my mind for a couple days just thought I say Heyy cutie]
50,0,Does this tweet contain bragging? respond with '1' if yes or '0' if no. tweet: [What a captain ! #humble #compassionate #leadership :clapping_hands: :clapping_hands: :clapping_hands:]
51,0,Does this tweet contain bragging? respond with '1' if yes or '0' if no. tweet: [Next issue : equal pay for Barbara and Ken \ n \ n #barbie #genderfluid #genderneutral]
52,0,Does this tweet contain bragging? respond with '1' if yes or '0' if no. tweet: [The son ? ?]
53,0,Does this tweet contain bragging? respond with '1' if yes or '0' if no. tweet: [I 'm feeling so good I 'm finna jump on 95 just to sit on it ? ? ? .]
54,0,Does this tweet contain bragging? respond with '1' if yes or '0' if no. tweet: [Hello people !]
55,0,Does this tweet contain bragging? respond with '1' if yes or '0' if no. tweet: [@USER Lol I 'm just wondering how you say you not a fan but his music needs to hit ?]
56,0,"Does this tweet contain bragging? respond with '1' if yes or '0' if no. tweet: [@USER Good points , I am not sure what will with with this experiment . I want to be hopeful , but from the presentation of the plan I am not really hopeful . Just scared bro ,]"
57,0,Does this tweet contain bragging? respond with '1' if yes or '0' if no. tweet: [Current #COVID19 positivity rates : \ nMy neighborhood : 13.2 % \ nThe neighborhood of the . @USER school at which I work : 14.8 % \ nWhat happened to the recommendation of less than 10 % to open schools safely ? @USER]
58,0,Does this tweet contain bragging? respond with '1' if yes or '0' if no. tweet: [@USER These guys are wrong . The only way to fight #Pride is to stay #Humble. That is what the Lord teaches us and we must obey Him .]
59,0,Does this tweet contain bragging? respond with '1' if yes or '0' if no. tweet: [I do n't do toxic people . I 'm too much of a positive individual for that]
60,0,Does this tweet contain bragging? respond with '1' if yes or '0' if no. tweet: [I literally do n't know who this is]
61,0,"Does this tweet contain bragging? respond with '1' if yes or '0' if no. tweet: [YUMI what the head just me , me peri he make me peri EPIC grape juice olive oil victorias secret perfume i CUM fat beaner ,]"
62,1,Does this tweet contain bragging? respond with '1' if yes or '0' if no. tweet: [@USER @USER #humblebrag]
63,0,Does this tweet contain bragging? respond with '1' if yes or '0' if no. tweet: [@USER Everybody loves to #HumbleBrag]
64,0,Does this tweet contain bragging? respond with '1' if yes or '0' if no. tweet: [Jayde so chill like me ? ?]
65,0,"Does this tweet contain bragging? respond with '1' if yes or '0' if no. tweet: [@USER I 'm sitting by a pool on an island right now , so obviously , I value R & R (#humblebrag) But some work during the summer makes the school year easier . You 've got to invest in yourself .]"
66,0,Does this tweet contain bragging? respond with '1' if yes or '0' if no. tweet: [I forgot what it 's like to be good at school . Today I finished a thing we were doing so fast that everyone around me started asking ME for help instead of the prof :') #humblebrag]
67,0,"Does this tweet contain bragging? respond with '1' if yes or '0' if no. tweet: [Hey @USER I had 3 things I think could really add to the game . Proximity Chat , Walkie Talkies as a item for distance chat , and Rift Shard rewards for Daily Rituals to help people hit tier 70 . What does everything would be a nice addition to the game .]"
68,0,"Does this tweet contain bragging? respond with '1' if yes or '0' if no. tweet: [Only if it advances the plot . So if they need to leave the area , or be in a different area , sure . Good way to separate characters or make a character more vulnerable .]"
69,0,Does this tweet contain bragging? respond with '1' if yes or '0' if no. tweet: [There was about 6-7 months last year that were super hard for me . There were 2 days that I just lost it . I wanted to quit . Do n't . Please Do n't #BellLetsTalk]
70,0,Does this tweet contain bragging? respond with '1' if yes or '0' if no. tweet: [this should seem obvious but you only learn the lesson once do n't try to inject drugs while watching monster factory]
71,0,Does this tweet contain bragging? respond with '1' if yes or '0' if no. tweet: [In NYC they will also tell his lawyers her address .]
72,0,Does this tweet contain bragging? respond with '1' if yes or '0' if no. tweet: [We get the Hyunjin vlog today ! ! I 'm so excited ?]
73,0,"Does this tweet contain bragging? respond with '1' if yes or '0' if no. tweet: [HAPPY BIRTHDAY CHIKAGE , THE BEST VOICE IMO IN MANKAI]"
74,1,Does this tweet contain bragging? respond with '1' if yes or '0' if no. tweet: [i want something like this ! ! wow]
75,1,Does this tweet contain bragging? respond with '1' if yes or '0' if no. tweet: [@USER Well deserved #humblebrag. A great read @USER]
76,0,"Does this tweet contain bragging? respond with '1' if yes or '0' if no. tweet: [Nah we do n't party every night , some of us make money]"
77,0,"Does this tweet contain bragging? respond with '1' if yes or '0' if no. tweet: [“ 1917 ” was war porn . I get why people like it . It 's an action movie . I just do n't like that it 's disguised as historical drama . Generic story and cheap scares . I mean , I liked it , but it 's not a good film and wo n't stand the test of time .]"
78,0,"Does this tweet contain bragging? respond with '1' if yes or '0' if no. tweet: [@USER I wd just say hello , hello is anybody there ? And say nope can't see anybody , next .]"
79,0,Does this tweet contain bragging? respond with '1' if yes or '0' if no. tweet: [Sry no stream till global pandemic is over ? :radioactive: \ n \ n #CoDheads]
80,0,"Does this tweet contain bragging? respond with '1' if yes or '0' if no. tweet: [@USER I 'm doing better now , it was just so annoyinggggg]"
81,1,Does this tweet contain bragging? respond with '1' if yes or '0' if no. tweet: [@USER @USER @USER @USER #humblebrag]
82,0,Does this tweet contain bragging? respond with '1' if yes or '0' if no. tweet: [@USER @USER Oh i see :loudly_crying_face: :loudly_crying_face: :loudly_crying_face: yes let 's hope for the best :folded_hands: negative pls :folded_hands: :folded_hands: :folded_hands: :loudly_crying_face:]
83,1,Does this tweet contain bragging? respond with '1' if yes or '0' if no. tweet: [magazine cover for kim jisoo ft dior omg omg pleaseu]
84,0,Does this tweet contain bragging? respond with '1' if yes or '0' if no. tweet: [@USER @USER @USER @USER @USER @USER @USER @USER @USER @USER @USER @USER @USER @USER @USER @USER @USER @USER @USER @USER @USER @USER @USER @USER @USER @USER @USER @USER @USER @USER @USER @USER Happy Thursday :purple_heart: :purple_heart:]
85,1,"Does this tweet contain bragging? respond with '1' if yes or '0' if no. tweet: [@USER @USER @USER @USER @USER The feel and spin is second to none . Add the Tour Issue S400 shaft , which comes stock ! , gives shots amazing flight and feel . Deadly combo . Holed out from a bunker 89 yards out in just my 4th round with them . #humblebrag]"
86,0,Does this tweet contain bragging? respond with '1' if yes or '0' if no. tweet: [@USER Happy Birthday Marin ! I hope the fence is to your satisfaction . Bran and I spent two days mending it .]
87,0,Does this tweet contain bragging? respond with '1' if yes or '0' if no. tweet: [Behind all our successes and achievements is a great coach]
88,0,Does this tweet contain bragging? respond with '1' if yes or '0' if no. tweet: [@USER @USER I got to see Santana open for Dave Matthews Band back in ‘ 99 . Rob Thomas actually popped out and did Smooth before it got radio play .]
89,0,Does this tweet contain bragging? respond with '1' if yes or '0' if no. tweet: [I just gave 5 stars to Decee Joyce at @USER for great service !]
90,0,Does this tweet contain bragging? respond with '1' if yes or '0' if no. tweet: [I am Empress of Tokyo ... \ n i do n't known Jeffers ? regarding what she knows i had kids ... i do n't know her any more !]
91,0,Does this tweet contain bragging? respond with '1' if yes or '0' if no. tweet: [I 've been dealing with a ton of shit both personal and professional and have n't been able to trade this action but getting the congratulatory phone call from grandma was pretty wild]
92,0,"Does this tweet contain bragging? respond with '1' if yes or '0' if no. tweet: [Smh almost got in a head on collision driving in the fast lane rt 95 southbound . Some driver was driving northbound in my lane :double_exclamation_mark: i was barely able to merge into the middle lane . So craaazy . He was n't swerving at all , just speeding straight down the fast lane the wrong way . :flushed_face: :flushed_face:]"
93,0,Does this tweet contain bragging? respond with '1' if yes or '0' if no. tweet: [@USER : o my mom bought me one yesterday I 'm glad I got it on time !]
94,0,Does this tweet contain bragging? respond with '1' if yes or '0' if no. tweet: [@USER Seeing that makes me glad I have food allergies]
95,0,Does this tweet contain bragging? respond with '1' if yes or '0' if no. tweet: [Can he even read the time ? ? ? I know I could n't at age 5 Rolex]
96,0,"Does this tweet contain bragging? respond with '1' if yes or '0' if no. tweet: [So I saw When they see us and I was really sad . I cried , wailed screamed and shouted . It shows how the system is rigged against blacks . It was just a really sad story .]"
97,0,"Does this tweet contain bragging? respond with '1' if yes or '0' if no. tweet: [everything has been hurting for so long haha but im not totally gone yet , called into a hotline yesterday and the day before . I believe in myself to become okay again . Just have to remind myself this is n't the end .]"
98,0,Does this tweet contain bragging? respond with '1' if yes or '0' if no. tweet: [I 'm really just stepping out on faith with this change .]
99,0,Does this tweet contain bragging? respond with '1' if yes or '0' if no. tweet: [Y'all be picking the wrong hills to die on]
100,0,Does this tweet contain bragging? respond with '1' if yes or '0' if no. tweet: [If you want me make it known you want me . Fight for me . Jump for me . And do n't take my NO 's and stubbornness seriously . Bug me . I love that .]
101,1,Does this tweet contain bragging? respond with '1' if yes or '0' if no. tweet: [@USER @USER @USER @USER @USER #humblebrag]
102,0,"Does this tweet contain bragging? respond with '1' if yes or '0' if no. tweet: [@USER Soon as the cop said Daniel wo n't be charged due to his age . I knew what I had to do . Take the blame as Sean so Daniel could live his life . All the endings are awesome tbh . Glad you enjoyed it Couzens . Also same with Chloe in S1 . Max and Chloe forever , Arcadia bay Destroyed]"
103,0,"Does this tweet contain bragging? respond with '1' if yes or '0' if no. tweet: [@USER I heard it 's not the official map change this is just an additional mode until the real one drops in a few months , but who knows :person_shrugging: :medium_dark_skin_tone: ‍ :male_sign:]"
104,0,"Does this tweet contain bragging? respond with '1' if yes or '0' if no. tweet: [@USER I used to have like , 40 plushies on my bed so nah , not weird . I just stopped cuz the amount of dust lol]"
105,0,Does this tweet contain bragging? respond with '1' if yes or '0' if no. tweet: [I want some of them yeezy slides ?]
106,0,"Does this tweet contain bragging? respond with '1' if yes or '0' if no. tweet: [@USER Could give Loftus Cheek a Chance , I know it 's a crazy idea him being young and English but you never know the lad might not be too bad Sarri . Kante , Barkley , Drinkwater ... just a few lads who might be able to fill in , tough being Chelsea boss eh ?]"
107,0,Does this tweet contain bragging? respond with '1' if yes or '0' if no. tweet: [That Chris Benoit documentary ... I 'm just speechless .]
108,0,Does this tweet contain bragging? respond with '1' if yes or '0' if no. tweet: [6 ) biggest struggle you had in a game ? Well any Fortnite player knows nowadays every game is a struggle :face_with_tears_of_joy: seriously there 's so many I can't even choose . So I 'll just go with biggest current stream struggle & its def gotta be how :slightly_smiling_face: my :upside-down_face: stream :slightly_smiling_face: constantly :upside-down_face: crashes :slightly_smiling_face: 10x :upside-down_face: a :slightly_smiling_face: day :upside-down_face:]
109,0,Does this tweet contain bragging? respond with '1' if yes or '0' if no. tweet: [my wrist was finally starting to get better n then my coworker HAD to play around and twist it]
110,0,"Does this tweet contain bragging? respond with '1' if yes or '0' if no. tweet: [Black lips , black nails , fishnet , and micro bikini in my titty tuesday photoset from tonight . Hope y'all enjoyed ?]"
111,0,Does this tweet contain bragging? respond with '1' if yes or '0' if no. tweet: [@USER @USER Question is will people still believe he is a victim or somehow blame the police for turning the tables on him ? I can just see CNN twist this whole thing around so Jussie STILL garners some kind of victim role out of it ... #apologize]
112,0,"Does this tweet contain bragging? respond with '1' if yes or '0' if no. tweet: [when you surprise me , it gotta be real smart cause i figure everything out]"
113,0,Does this tweet contain bragging? respond with '1' if yes or '0' if no. tweet: [@USER you make me so proud to be Canadian . :red_heart: :smiling_face_with_smiling_eyes:]
114,1,"Does this tweet contain bragging? respond with '1' if yes or '0' if no. tweet: [@USER I remember a Classicist at my ( Austrian ) university who said that with Loebs , he usually found the Greek easier to read than the English . Classic Classics #humblebrag to be sure , but one can see where he was coming from .]"
115,1,Does this tweet contain bragging? respond with '1' if yes or '0' if no. tweet: [That is my goat ! ! !]
116,1,Does this tweet contain bragging? respond with '1' if yes or '0' if no. tweet: [@USER You know what ? I 'm going to make some PizzaRolls #HumbleBrag]
117,0,Does this tweet contain bragging? respond with '1' if yes or '0' if no. tweet: [i 've been slowly working on a hivemind OC for kicks and i think i 've finally come up with some traits and goals i 'm really satisfied with]
118,0,Does this tweet contain bragging? respond with '1' if yes or '0' if no. tweet: [@USER @USER I swear yo ass just froze up stiff as a bitch and the dog ran right passed you :face_with_tears_of_joy:]
119,1,Does this tweet contain bragging? respond with '1' if yes or '0' if no. tweet: [@USER Hi Kay . Just to say I have been offered a role as office manager at a local engineering firm . Thanks for looking out for me . Iain]
120,0,"Does this tweet contain bragging? respond with '1' if yes or '0' if no. tweet: [That 's one lit glock for Betty White , one naughty dub for my baby mama]"
121,0,Does this tweet contain bragging? respond with '1' if yes or '0' if no. tweet: [Any nigga i ever called brother / best friend aint everrrrrr fuck ME . I 'm not YOU HOES :exclamation_mark:]
122,0,Does this tweet contain bragging? respond with '1' if yes or '0' if no. tweet: [if golden was made as a sad song i would literally cry so hard because the lyrics i do n't want to be alone from harry just hurts my heart]
123,0,Does this tweet contain bragging? respond with '1' if yes or '0' if no. tweet: [@USER low key i just realized the video was quote rt lmao]
124,0,"Does this tweet contain bragging? respond with '1' if yes or '0' if no. tweet: [got talking to this old man in the pub last night cos he heard i was scottish , introduced me to his best pal davey , 61 from paisley who was an ex armed robber]"
125,0,Does this tweet contain bragging? respond with '1' if yes or '0' if no. tweet: [Do n't follow in people 's footsteps . \ n \ nFollow in Jesus ' footsteps . ?]
126,0,Does this tweet contain bragging? respond with '1' if yes or '0' if no. tweet: [How have I only now just tried a toffee yum yum from lidl :drooling_face:]
127,0,Does this tweet contain bragging? respond with '1' if yes or '0' if no. tweet: [@USER I thought it was just me .]
128,0,"Does this tweet contain bragging? respond with '1' if yes or '0' if no. tweet: [@USER Oh that another one , chips ! I 'm just not a fan lol]"
129,1,Does this tweet contain bragging? respond with '1' if yes or '0' if no. tweet: [@USER Madden tournament to determine team champ would be great for the culture of the team . Winner gets a championship belt ! #BraggingRights]
130,0,Does this tweet contain bragging? respond with '1' if yes or '0' if no. tweet: [It ain't a gangsta party til we go and dig Pac up !]
131,0,Does this tweet contain bragging? respond with '1' if yes or '0' if no. tweet: [Also always had a hard time keeping friends ... I really try but my life has been all over the place . I 've moved so much . Circumstances were always changing ... it was just a lot . And it was hard to keep up with friendships living like that .]
132,0,Does this tweet contain bragging? respond with '1' if yes or '0' if no. tweet: [@USER @USER @USER @USER @USER @USER @USER @USER @USER @USER @USER I do n't even know what you just said . :person_shrugging: :medium_light_skin_tone: ‍ :male_sign:]
133,1,Does this tweet contain bragging? respond with '1' if yes or '0' if no. tweet: [I feel so loved . I owe everything I have to God . I 'm surrounded by amazing people . I have the best boyfriend . I love my apartment . I 'm about to graduate from ucla . And so many more blessings . Life feels like a dream . I really woke up this morning like wow]
134,0,Does this tweet contain bragging? respond with '1' if yes or '0' if no. tweet: [You do n't realize your toes are touching each other .]
135,1,Does this tweet contain bragging? respond with '1' if yes or '0' if no. tweet: [Why do men bother to try and impress me when none of them will ever live up to Take Me Home Tour Era 19 year old Harry Styles]
136,0,Does this tweet contain bragging? respond with '1' if yes or '0' if no. tweet: [Threatening to kill suicide child is hilarious because he can't die no matter how much he wants to]
137,0,Does this tweet contain bragging? respond with '1' if yes or '0' if no. tweet: [@USER @USER @USER @USER well I think it should just be clearly communicated . I do n't want to lose progress cos I assume it 's being saved]
138,0,Does this tweet contain bragging? respond with '1' if yes or '0' if no. tweet: [@USER @USER @USER @USER haha at first i thought you were defending the election fraud nonsense as well . that is just ridiculous the lengths these people are going to]
139,0,Does this tweet contain bragging? respond with '1' if yes or '0' if no. tweet: [Anyone know a tutor for third semester nursing really would appreciate it ! ! !]
140,0,Does this tweet contain bragging? respond with '1' if yes or '0' if no. tweet: [@USER Haha I 'm just messing with ya :grinning_squinting_face: ty Natalie !]
141,0,Does this tweet contain bragging? respond with '1' if yes or '0' if no. tweet: [@USER did a case today in full PPE . Did n't take a photo for social media . Now I can't retweet asking all to recognise his bravery . Is he even a proper doctor ? #humblebrag #joking #notjoking]
142,0,Does this tweet contain bragging? respond with '1' if yes or '0' if no. tweet: [I never seen this many IG lIves]
143,0,Does this tweet contain bragging? respond with '1' if yes or '0' if no. tweet: [$ CEI I see it and I feel it . ?]
144,0,Does this tweet contain bragging? respond with '1' if yes or '0' if no. tweet: [na that 's fully insane .]
145,0,"Does this tweet contain bragging? respond with '1' if yes or '0' if no. tweet: [so , yeah . I love u so much , you 're my life , my key and my everything . Thank u so much \ n #StrayKidsComeback @USER]"
146,0,Does this tweet contain bragging? respond with '1' if yes or '0' if no. tweet: [I think I just lost my appetite .]
147,0,Does this tweet contain bragging? respond with '1' if yes or '0' if no. tweet: [@USER I 've missed that gorgeous face :smiling_face_with_heart-eyes: Glad you 're still alive :red_heart:]
148,1,Does this tweet contain bragging? respond with '1' if yes or '0' if no. tweet: [@USER @USER @USER @USER @USER #humblebrag]
149,0,"Does this tweet contain bragging? respond with '1' if yes or '0' if no. tweet: [@USER You are such a sweet girl that always give us accurate updates and translation on twice . I hope wont feel burden to do this because of some impatient once and other group toxic fan bring you down . Ignore them , Take your time and be happy alwayz :beaming_face_with_smiling_eyes: . Thanks for your hard work]"
150,0,Does this tweet contain bragging? respond with '1' if yes or '0' if no. tweet: [I need a new interview with Sandra ! ! ! I 'm missing her ? ?]
151,0,"Does this tweet contain bragging? respond with '1' if yes or '0' if no. tweet: [Um , Daddy , can you move over a bit . Nighty . :red_heart: :red_heart: :red_heart: ... yeah , its stormy alright . I like it :red_heart: :red_heart: :red_heart:]"
152,0,Does this tweet contain bragging? respond with '1' if yes or '0' if no. tweet: [I just tried avocado for the first time wtf]
153,0,Does this tweet contain bragging? respond with '1' if yes or '0' if no. tweet: [Why does every wireless control have a roll of masking tape]
154,0,Does this tweet contain bragging? respond with '1' if yes or '0' if no. tweet: [it 's crazy to think that my whole career in gaming started from watching someone play world of warcraft .]
155,0,Does this tweet contain bragging? respond with '1' if yes or '0' if no. tweet: [@USER this is my everyday routine :kissing_face_with_smiling_eyes: it 's now 5pm and I 'm just now waking up ... :cowboy_hat_face: BUT TOMORROW I PROMISE ... :flushed_face: :see-no-evil_monkey:]
156,0,"Does this tweet contain bragging? respond with '1' if yes or '0' if no. tweet: [I need a pillow fort and wine . \ nSee , I 'm still an adult .]"
157,0,Does this tweet contain bragging? respond with '1' if yes or '0' if no. tweet: [@USER I think they just proved the speed of light is n't the speed limit we thought it was]
158,0,"Does this tweet contain bragging? respond with '1' if yes or '0' if no. tweet: [You think the demon Seth Green made his deal with died or it was a limited time only "" be famous and in everything "" wish ?]"
159,1,"Does this tweet contain bragging? respond with '1' if yes or '0' if no. tweet: [@USER Is that a #humblebrag David ? But agree , he 's great . The team not so much .]"
160,0,Does this tweet contain bragging? respond with '1' if yes or '0' if no. tweet: [just gave Brandon a pep talk bc Eli is wanting to be w / me & spend more time w / me than him . that 's being a good human . He never gave me a pep talk when I was feeling sad about the same thing . But I did bc I never want anyone to hurt bc of actions involving me again .]
161,0,Does this tweet contain bragging? respond with '1' if yes or '0' if no. tweet: [@USER Nope that 's not how it works silly :winking_face: . It was for others to create a script and mash it together . I just provided the source code :face_with_tongue: .]
162,0,Does this tweet contain bragging? respond with '1' if yes or '0' if no. tweet: [@USER There 's 2 Male and a female Reed bunting aswell #bragging :face_with_tears_of_joy:]
163,0,Does this tweet contain bragging? respond with '1' if yes or '0' if no. tweet: [Matt Riddle “ Bro 's ” > > > Vince Russo “ Bro 's ” #SmackDown]
164,0,"Does this tweet contain bragging? respond with '1' if yes or '0' if no. tweet: [@USER I 've always heard people say the bear is the best part , and judging by how that 's what I hear mentioned vs anything else ( I literally know nothing else ) that 's been my impression]"
165,0,Does this tweet contain bragging? respond with '1' if yes or '0' if no. tweet: [Z just asked me for a little brother haha sorry kid I 'm about ready to get my shit cut you gonna have to ask your moms for that one :face_with_tears_of_joy:]
166,0,"Does this tweet contain bragging? respond with '1' if yes or '0' if no. tweet: [I for one am always willing to talk to anyone about what might be bothering them . People tend to learn too much from me , too easily , but that is just who I am - a no bullshit open book . #BellLetsTalk ( 2/2 )]"
167,0,"Does this tweet contain bragging? respond with '1' if yes or '0' if no. tweet: [#Ohio went from getting INTERNATIONAL praise for how we were handling #COVID19 to now being one of the WORST areas for spread . @USER clearly Ohioans are done "" doing whatever it takes . "" Get a director of health that 's protected from harassment & get our train back on track]"
168,0,"Does this tweet contain bragging? respond with '1' if yes or '0' if no. tweet: [put ya phone down my nigga , you still on delivered .]"
169,0,"Does this tweet contain bragging? respond with '1' if yes or '0' if no. tweet: [Speaking of centralized "" tools "" I 'm sure glad I did n't delete my other backup of my course records folder since some of the folders in the copy I saved in OneDrive have turned up empty for no apparent reason .]"
170,0,"Does this tweet contain bragging? respond with '1' if yes or '0' if no. tweet: [I need a battery for my mouse . But I do not want to leave my house , let alone buy one . Because battery packs never come in a pack of just 1 . Why must I buy 2 ? So now I must set a reminder for Thursday to get one from the office :person_facepalming: :medium_skin_tone: ‍ :female_sign:]"
171,1,"Does this tweet contain bragging? respond with '1' if yes or '0' if no. tweet: [Alternatively , "" B-bar will also be available for $ 12.50 Express Comps per person per visit , for you and a guest for beverages . "" @USER buffet has an Elite line . I was just there two hours ago .]"
172,0,"Does this tweet contain bragging? respond with '1' if yes or '0' if no. tweet: [In case any of you thinks I have my shit together , there 's a salad rotting in my truck since last night that I forgot about . #humblebrag]"
173,1,"Does this tweet contain bragging? respond with '1' if yes or '0' if no. tweet: [@USER Have you seen me ? I just a delightfully handsome gingery kitty . Besides , my mom tells me I 'm handsome , and she does n't lie :smiling_cat_face_with_heart-eyes: :smiling_cat_face_with_heart-eyes: :smiling_cat_face_with_heart-eyes:]"
174,0,Does this tweet contain bragging? respond with '1' if yes or '0' if no. tweet: [can i see some dick pics ? please]
175,0,Does this tweet contain bragging? respond with '1' if yes or '0' if no. tweet: [Man I just wanna sleep for like 6 days]
176,0,Does this tweet contain bragging? respond with '1' if yes or '0' if no. tweet: [. ? \ n ? an advice \ n Rachel 's plain-speaking mediator \ n :white_medium_square: \ na recourse]
177,0,Does this tweet contain bragging? respond with '1' if yes or '0' if no. tweet: [just gonna be inactive so i can get my * * * together and do school related stuff]
178,0,"Does this tweet contain bragging? respond with '1' if yes or '0' if no. tweet: [Love 's Old Sweet Song \ n \ nMusic : James Lynam Molloy , 1884 \ nLyrics : G . Clifton Bingham , 1884]"
179,0,"Does this tweet contain bragging? respond with '1' if yes or '0' if no. tweet: [@USER @USER So let me tell you it is not an easy decision to vote for a candidate to go up against Trump . I truly liked all of the candidates for one reason or another . No one 's entitled to your vote . Just ask yourself , Will Trump be good for my future ?]"
180,0,Does this tweet contain bragging? respond with '1' if yes or '0' if no. tweet: [What t-shirt and pajama pants will I wear today ?]
181,0,Does this tweet contain bragging? respond with '1' if yes or '0' if no. tweet: [Tell if I 'm wrong but we are going to cry our eyes out on this album I know it]
182,0,Does this tweet contain bragging? respond with '1' if yes or '0' if no. tweet: [I just be making noises randomly you 'd think I got some type of issues lol]
183,0,Does this tweet contain bragging? respond with '1' if yes or '0' if no. tweet: [New nigga me quick :speaking_head: I 'm not built for this single life I 'm trying to make someone son happy :weary_face:]
184,0,Does this tweet contain bragging? respond with '1' if yes or '0' if no. tweet: [I have really terrible headache . I wish Mike all the best on Sunday ! I have tried my best and all other team Mike did nothing but the absolute best ! Goodluck to us :loudly_crying_face: :red_heart:]
185,1,Does this tweet contain bragging? respond with '1' if yes or '0' if no. tweet: [@USER Wosits AND tomato soup ? #Humblebrag]
186,0,Does this tweet contain bragging? respond with '1' if yes or '0' if no. tweet: [I just feel like crying for 10 years straight]
187,0,Does this tweet contain bragging? respond with '1' if yes or '0' if no. tweet: [A mf can tell you they love you all they want but those actions and effort tell you otherwise ! Idc]
188,0,"Does this tweet contain bragging? respond with '1' if yes or '0' if no. tweet: [Just finished Hamilton , and let 's just say that there a very GOOD reason why I do n't listen to Who Lives , Who Dies , Who Tells Your Story . I was ( still am ) sobbing on the couch cuddling my dog , thank you @USER , #HamiltonFilm means the world to me :red_heart: :red_heart:]"
189,0,Does this tweet contain bragging? respond with '1' if yes or '0' if no. tweet: [Like literally emery just can't pick the correct side . Where 's the width . I 'm glad that some faces are in but no Héctor and Pepe on the right . That 's the link up we 've been begging for . Weird weird stuff]
190,0,Does this tweet contain bragging? respond with '1' if yes or '0' if no. tweet: [@USER as of 3:00 all classes are still on for tonight]
191,0,Does this tweet contain bragging? respond with '1' if yes or '0' if no. tweet: [I 'm so sleepy bro then I work this early ass shift wtf]
192,0,"Does this tweet contain bragging? respond with '1' if yes or '0' if no. tweet: [@USER @USER Had grey temples since 19 . Almost completely grey in the sides and back with a half white beard now . I do n't care about grey , I just like to laugh at the 40 + year olds with jet black hair .]"
193,1,Does this tweet contain bragging? respond with '1' if yes or '0' if no. tweet: [@USER Ahh ty . I would sell a body part for not just the shelf but room / space for something like this :pleading_face:]
194,0,Does this tweet contain bragging? respond with '1' if yes or '0' if no. tweet: [Started Love is Blind and I 'm SHOOK !]
195,0,Does this tweet contain bragging? respond with '1' if yes or '0' if no. tweet: [happy 4th of July ! #4thofJuly]
196,0,Does this tweet contain bragging? respond with '1' if yes or '0' if no. tweet: [Got the baddest bitch in the game wearing my chain ? ?]
197,1,Does this tweet contain bragging? respond with '1' if yes or '0' if no. tweet: [@USER #HumbleBrag about how much money you make ? :eyes:]
198,0,Does this tweet contain bragging? respond with '1' if yes or '0' if no. tweet: [someone tell nat to do her work]
199,0,"Does this tweet contain bragging? respond with '1' if yes or '0' if no. tweet: [playing uno in axelle 's backyard while listening to an "" all 5sos songs playlist "" is all ive been asking for]"
